sony;calle 123;123;juan perez
lg;av 123;6546;maria roa
sony;calle 124;12969;juan perez
lg;av 124;19392;maria roa
sony;calle 125;25815;juan perez
lg;av 125;32238;maria roa
sony;calle 126;38661;juan perez
lg;av 126;45084;maria roa
sony;calle 127;51507;juan perez
lg;av 127;57930;maria roa
sony;calle 128;64353;juan perez
lg;av 128;70776;maria roa
sony;calle 129;77199;juan perez
lg;av 129;83622;maria roa
sony;calle 130;90045;juan perez
lg;av 130;96468;maria roa
sony;calle 131;102891;juan perez
lg;av 131;109314;maria roa
sony;calle 132;115737;juan perez
lg;av 132;122160;maria roa
sony;calle 133;128583;juan perez
lg;av 133;135006;maria roa
sony;calle 134;141429;juan perez
lg;av 134;147852;maria roa
sony;calle 135;154275;juan perez
lg;av 135;160698;maria roa
sony;calle 136;167121;juan perez
lg;av 136;173544;maria roa
sony;calle 137;179967;juan perez
lg;av 137;186390;maria roa
sony;calle 138;192813;juan perez
lg;av 138;199236;maria roa
sony;calle 139;205659;juan perez
lg;av 139;212082;maria roa
sony;calle 140;218505;juan perez
lg;av 140;224928;maria roa
sony;calle 141;231351;juan perez
lg;av 141;237774;maria roa
sony;calle 142;244197;juan perez
lg;av 142;250620;maria roa
sony;calle 143;257043;juan perez
lg;av 143;263466;maria roa
sony;calle 144;269889;juan perez
lg;av 144;276312;maria roa
sony;calle 145;282735;juan perez
lg;av 145;289158;maria roa
sony;calle 146;295581;juan perez
lg;av 146;302004;maria roa
sony;calle 147;308427;juan perez
lg;av 147;314850;maria roa
sony;calle 148;321273;juan perez
lg;av 148;327696;maria roa
sony;calle 149;334119;juan perez
lg;av 149;340542;maria roa
sony;calle 150;346965;juan perez
lg;av 150;353388;maria roa
sony;calle 151;359811;juan perez
lg;av 151;366234;maria roa
sony;calle 152;372657;juan perez
lg;av 152;379080;maria roa
sony;calle 153;385503;juan perez
lg;av 153;391926;maria roa
sony;calle 154;398349;juan perez
lg;av 154;404772;maria roa
sony;calle 155;411195;juan perez
lg;av 155;417618;maria roa
sony;calle 156;424041;juan perez
lg;av 156;430464;maria roa
sony;calle 157;436887;juan perez
lg;av 157;443310;maria roa
sony;calle 158;449733;juan perez
lg;av 158;456156;maria roa
sony;calle 159;462579;juan perez
lg;av 159;469002;maria roa
sony;calle 160;475425;juan perez
lg;av 160;481848;maria roa
sony;calle 161;488271;juan perez
lg;av 161;494694;maria roa
sony;calle 162;501117;juan perez
lg;av 162;507540;maria roa
sony;calle 163;513963;juan perez
lg;av 163;520386;maria roa
sony;calle 164;526809;juan perez
lg;av 164;533232;maria roa
sony;calle 165;539655;juan perez
lg;av 165;546078;maria roa
sony;calle 166;552501;juan perez
lg;av 166;558924;maria roa
sony;calle 167;565347;juan perez
lg;av 167;571770;maria roa
sony;calle 168;578193;juan perez
lg;av 168;584616;maria roa
sony;calle 169;591039;juan perez
lg;av 169;597462;maria roa
sony;calle 170;603885;juan perez
lg;av 170;610308;maria roa
sony;calle 171;616731;juan perez
lg;av 171;623154;maria roa
sony;calle 172;629577;juan perez
lg;av 172;636000;maria roa
sony;calle 173;642423;juan perez
lg;av 173;648846;maria roa
sony;calle 174;655269;juan perez
lg;av 174;661692;maria roa
sony;calle 175;668115;juan perez
lg;av 175;674538;maria roa
sony;calle 176;680961;juan perez
lg;av 176;687384;maria roa
sony;calle 177;693807;juan perez
lg;av 177;700230;maria roa
sony;calle 178;706653;juan perez
lg;av 178;713076;maria roa
sony;calle 179;719499;juan perez
lg;av 179;725922;maria roa
sony;calle 180;732345;juan perez
lg;av 180;738768;maria roa
sony;calle 181;745191;juan perez
lg;av 181;751614;maria roa
sony;calle 182;758037;juan perez
lg;av 182;764460;maria roa
sony;calle 183;770883;juan perez
lg;av 183;777306;maria roa
sony;calle 184;783729;juan perez
lg;av 184;790152;maria roa
sony;calle 185;796575;juan perez
lg;av 185;802998;maria roa
sony;calle 186;809421;juan perez
lg;av 186;815844;maria roa
sony;calle 187;822267;juan perez
lg;av 187;828690;maria roa
sony;calle 188;835113;juan perez
lg;av 188;841536;maria roa
sony;calle 189;847959;juan perez
lg;av 189;854382;maria roa
sony;calle 190;860805;juan perez
lg;av 190;867228;maria roa
sony;calle 191;873651;juan perez
lg;av 191;880074;maria roa
sony;calle 192;886497;juan perez
lg;av 192;892920;maria roa
sony;calle 193;899343;juan perez
lg;av 193;905766;maria roa
sony;calle 194;912189;juan perez
lg;av 194;918612;maria roa
sony;calle 195;925035;juan perez
lg;av 195;931458;maria roa
sony;calle 196;937881;juan perez
lg;av 196;944304;maria roa
sony;calle 197;950727;juan perez
lg;av 197;957150;maria roa
sony;calle 198;963573;juan perez
lg;av 198;969996;maria roa
sony;calle 199;976419;juan perez
lg;av 199;982842;maria roa
sony;calle 200;989265;juan perez
lg;av 200;995688;maria roa
sony;calle 201;1002111;juan perez
lg;av 201;1008534;maria roa
sony;calle 202;1014957;juan perez
lg;av 202;1021380;maria roa
sony;calle 203;1027803;juan perez
lg;av 203;1034226;maria roa
sony;calle 204;1040649;juan perez
lg;av 204;1047072;maria roa
sony;calle 205;1053495;juan perez
lg;av 205;1059918;maria roa
sony;calle 206;1066341;juan perez
lg;av 206;1072764;maria roa
sony;calle 207;1079187;juan perez
lg;av 207;1085610;maria roa
sony;calle 208;1092033;juan perez
lg;av 208;1098456;maria roa
sony;calle 209;1104879;juan perez
lg;av 209;1111302;maria roa
sony;calle 210;1117725;juan perez
lg;av 210;1124148;maria roa
sony;calle 211;1130571;juan perez
lg;av 211;1136994;maria roa
sony;calle 212;1143417;juan perez
lg;av 212;1149840;maria roa
sony;calle 213;1156263;juan perez
lg;av 213;1162686;maria roa
sony;calle 214;1169109;juan perez
lg;av 214;1175532;maria roa
sony;calle 215;1181955;juan perez
lg;av 215;1188378;maria roa
sony;calle 216;1194801;juan perez
lg;av 216;1201224;maria roa
sony;calle 217;1207647;juan perez
lg;av 217;1214070;maria roa
sony;calle 218;1220493;juan perez
lg;av 218;1226916;maria roa
sony;calle 219;1233339;juan perez
lg;av 219;1239762;maria roa
sony;calle 220;1246185;juan perez
lg;av 220;1252608;maria roa
sony;calle 221;1259031;juan perez
lg;av 221;1265454;maria roa
sony;calle 222;1271877;juan perez
lg;av 222;1278300;maria roa
sony;calle 223;1284723;juan perez
lg;av 223;1291146;maria roa
sony;calle 224;1297569;juan perez
lg;av 224;1303992;maria roa
sony;calle 225;1310415;juan perez
lg;av 225;1316838;maria roa
sony;calle 226;1323261;juan perez
lg;av 226;1329684;maria roa
sony;calle 227;1336107;juan perez
lg;av 227;1342530;maria roa
sony;calle 228;1348953;juan perez
lg;av 228;1355376;maria roa
sony;calle 229;1361799;juan perez
lg;av 229;1368222;maria roa
sony;calle 230;1374645;juan perez
lg;av 230;1381068;maria roa
sony;calle 231;1387491;juan perez
lg;av 231;1393914;maria roa
sony;calle 232;1400337;juan perez
lg;av 232;1406760;maria roa
sony;calle 233;1413183;juan perez
lg;av 233;1419606;maria roa
sony;calle 234;1426029;juan perez
lg;av 234;1432452;maria roa
sony;calle 235;1438875;juan perez
lg;av 235;1445298;maria roa
sony;calle 236;1451721;juan perez
lg;av 236;1458144;maria roa
sony;calle 237;1464567;juan perez
lg;av 237;1470990;maria roa
sony;calle 238;1477413;juan perez
lg;av 238;1483836;maria roa
sony;calle 239;1490259;juan perez
lg;av 239;1496682;maria roa
sony;calle 240;1503105;juan perez
lg;av 240;1509528;maria roa
sony;calle 241;1515951;juan perez
lg;av 241;1522374;maria roa
sony;calle 242;1528797;juan perez
lg;av 242;1535220;maria roa
sony;calle 243;1541643;juan perez
lg;av 243;1548066;maria roa
sony;calle 244;1554489;juan perez
lg;av 244;1560912;maria roa
sony;calle 245;1567335;juan perez
lg;av 245;1573758;maria roa
sony;calle 246;1580181;juan perez
lg;av 246;1586604;maria roa
sony;calle 247;1593027;juan perez
lg;av 247;1599450;maria roa
sony;calle 248;1605873;juan perez
lg;av 248;1612296;maria roa
sony;calle 249;1618719;juan perez
lg;av 249;1625142;maria roa
sony;calle 250;1631565;juan perez
lg;av 250;1637988;maria roa
sony;calle 251;1644411;juan perez
lg;av 251;1650834;maria roa
sony;calle 252;1657257;juan perez
lg;av 252;1663680;maria roa
sony;calle 253;1670103;juan perez
lg;av 253;1676526;maria roa
sony;calle 254;1682949;juan perez
lg;av 254;1689372;maria roa
sony;calle 255;1695795;juan perez
lg;av 255;1702218;maria roa
sony;calle 256;1708641;juan perez
lg;av 256;1715064;maria roa
sony;calle 257;1721487;juan perez
lg;av 257;1727910;maria roa
sony;calle 258;1734333;juan perez
lg;av 258;1740756;maria roa
sony;calle 259;1747179;juan perez
lg;av 259;1753602;maria roa
sony;calle 260;1760025;juan perez
lg;av 260;1766448;maria roa
sony;calle 261;1772871;juan perez
lg;av 261;1779294;maria roa
sony;calle 262;1785717;juan perez
lg;av 262;1792140;maria roa
sony;calle 263;1798563;juan perez
lg;av 263;1804986;maria roa
sony;calle 264;1811409;juan perez
lg;av 264;1817832;maria roa
sony;calle 265;1824255;juan perez
lg;av 265;1830678;maria roa
sony;calle 266;1837101;juan perez
lg;av 266;1843524;maria roa
sony;calle 267;1849947;juan perez
lg;av 267;1856370;maria roa
sony;calle 268;1862793;juan perez
lg;av 268;1869216;maria roa
sony;calle 269;1875639;juan perez
lg;av 269;1882062;maria roa
sony;calle 270;1888485;juan perez
lg;av 270;1894908;maria roa
sony;calle 271;1901331;juan perez
lg;av 271;1907754;maria roa
sony;calle 272;1914177;juan perez
lg;av 272;1920600;maria roa
sony;calle 273;1927023;juan perez
lg;av 273;1933446;maria roa
sony;calle 274;1939869;juan perez
lg;av 274;1946292;maria roa
sony;calle 275;1952715;juan perez
lg;av 275;1959138;maria roa
sony;calle 276;1965561;juan perez
lg;av 276;1971984;maria roa
sony;calle 277;1978407;juan perez
lg;av 277;1984830;maria roa
sony;calle 278;1991253;juan perez
lg;av 278;1997676;maria roa
sony;calle 279;2004099;juan perez
lg;av 279;2010522;maria roa
sony;calle 280;2016945;juan perez
lg;av 280;2023368;maria roa
sony;calle 281;2029791;juan perez
lg;av 281;2036214;maria roa
sony;calle 282;2042637;juan perez
lg;av 282;2049060;maria roa
sony;calle 283;2055483;juan perez
lg;av 283;2061906;maria roa
sony;calle 284;2068329;juan perez
lg;av 284;2074752;maria roa
sony;calle 285;2081175;juan perez
lg;av 285;2087598;maria roa
sony;calle 286;2094021;juan perez
lg;av 286;2100444;maria roa
sony;calle 287;2106867;juan perez
lg;av 287;2113290;maria roa
sony;calle 288;2119713;juan perez
lg;av 288;2126136;maria roa
sony;calle 289;2132559;juan perez
lg;av 289;2138982;maria roa
sony;calle 290;2145405;juan perez
lg;av 290;2151828;maria roa
sony;calle 291;2158251;juan perez
lg;av 291;2164674;maria roa
sony;calle 292;2171097;juan perez
lg;av 292;2177520;maria roa
sony;calle 293;2183943;juan perez
lg;av 293;2190366;maria roa
sony;calle 294;2196789;juan perez
lg;av 294;2203212;maria roa
sony;calle 295;2209635;juan perez
lg;av 295;2216058;maria roa
sony;calle 296;2222481;juan perez
lg;av 296;2228904;maria roa
sony;calle 297;2235327;juan perez
lg;av 297;2241750;maria roa
sony;calle 298;2248173;juan perez
lg;av 298;2254596;maria roa
sony;calle 299;2261019;juan perez
lg;av 299;2267442;maria roa
sony;calle 300;2273865;juan perez
lg;av 300;2280288;maria roa
sony;calle 301;2286711;juan perez
lg;av 301;2293134;maria roa
sony;calle 302;2299557;juan perez
lg;av 302;2305980;maria roa
sony;calle 303;2312403;juan perez
lg;av 303;2318826;maria roa
sony;calle 304;2325249;juan perez
lg;av 304;2331672;maria roa
sony;calle 305;2338095;juan perez
lg;av 305;2344518;maria roa
sony;calle 306;2350941;juan perez
lg;av 306;2357364;maria roa
sony;calle 307;2363787;juan perez
lg;av 307;2370210;maria roa
sony;calle 308;2376633;juan perez
lg;av 308;2383056;maria roa
sony;calle 309;2389479;juan perez
lg;av 309;2395902;maria roa
sony;calle 310;2402325;juan perez
lg;av 310;2408748;maria roa
sony;calle 311;2415171;juan perez
lg;av 311;2421594;maria roa
sony;calle 312;2428017;juan perez
lg;av 312;2434440;maria roa
sony;calle 313;2440863;juan perez
lg;av 313;2447286;maria roa
sony;calle 314;2453709;juan perez
lg;av 314;2460132;maria roa
sony;calle 315;2466555;juan perez
lg;av 315;2472978;maria roa
sony;calle 316;2479401;juan perez
lg;av 316;2485824;maria roa
sony;calle 317;2492247;juan perez
lg;av 317;2498670;maria roa
sony;calle 318;2505093;juan perez
lg;av 318;2511516;maria roa
sony;calle 319;2517939;juan perez
lg;av 319;2524362;maria roa
sony;calle 320;2530785;juan perez
lg;av 320;2537208;maria roa
sony;calle 321;2543631;juan perez
lg;av 321;2550054;maria roa
sony;calle 322;2556477;juan perez
lg;av 322;2562900;maria roa
sony;calle 323;2569323;juan perez
lg;av 323;2575746;maria roa
sony;calle 324;2582169;juan perez
lg;av 324;2588592;maria roa
sony;calle 325;2595015;juan perez
lg;av 325;2601438;maria roa
sony;calle 326;2607861;juan perez
lg;av 326;2614284;maria roa
sony;calle 327;2620707;juan perez
lg;av 327;2627130;maria roa
sony;calle 328;2633553;juan perez
lg;av 328;2639976;maria roa
sony;calle 329;2646399;juan perez
lg;av 329;2652822;maria roa
sony;calle 330;2659245;juan perez
lg;av 330;2665668;maria roa
sony;calle 331;2672091;juan perez
lg;av 331;2678514;maria roa
sony;calle 332;2684937;juan perez
lg;av 332;2691360;maria roa
sony;calle 333;2697783;juan perez
lg;av 333;2704206;maria roa
sony;calle 334;2710629;juan perez
lg;av 334;2717052;maria roa
sony;calle 335;2723475;juan perez
lg;av 335;2729898;maria roa
sony;calle 336;2736321;juan perez
lg;av 336;2742744;maria roa
sony;calle 337;2749167;juan perez
lg;av 337;2755590;maria roa
sony;calle 338;2762013;juan perez
lg;av 338;2768436;maria roa
sony;calle 339;2774859;juan perez
lg;av 339;2781282;maria roa
sony;calle 340;2787705;juan perez
lg;av 340;2794128;maria roa
sony;calle 341;2800551;juan perez
lg;av 341;2806974;maria roa
sony;calle 342;2813397;juan perez
lg;av 342;2819820;maria roa
sony;calle 343;2826243;juan perez
lg;av 343;2832666;maria roa
sony;calle 344;2839089;juan perez
lg;av 344;2845512;maria roa
sony;calle 345;2851935;juan perez
lg;av 345;2858358;maria roa
sony;calle 346;2864781;juan perez
lg;av 346;2871204;maria roa
sony;calle 347;2877627;juan perez
lg;av 347;2884050;maria roa
sony;calle 348;2890473;juan perez
lg;av 348;2896896;maria roa
sony;calle 349;2903319;juan perez
lg;av 349;2909742;maria roa
sony;calle 350;2916165;juan perez
lg;av 350;2922588;maria roa
sony;calle 351;2929011;juan perez
lg;av 351;2935434;maria roa
sony;calle 352;2941857;juan perez
lg;av 352;2948280;maria roa
sony;calle 353;2954703;juan perez
lg;av 353;2961126;maria roa
sony;calle 354;2967549;juan perez
lg;av 354;2973972;maria roa
sony;calle 355;2980395;juan perez
lg;av 355;2986818;maria roa
sony;calle 356;2993241;juan perez
lg;av 356;2999664;maria roa
sony;calle 357;3006087;juan perez
lg;av 357;3012510;maria roa
sony;calle 358;3018933;juan perez
lg;av 358;3025356;maria roa
sony;calle 359;3031779;juan perez
lg;av 359;3038202;maria roa
sony;calle 360;3044625;juan perez
lg;av 360;3051048;maria roa
sony;calle 361;3057471;juan perez
lg;av 361;3063894;maria roa
sony;calle 362;3070317;juan perez
lg;av 362;3076740;maria roa
sony;calle 363;3083163;juan perez
lg;av 363;3089586;maria roa
sony;calle 364;3096009;juan perez
lg;av 364;3102432;maria roa
